frame_nmr,truct_id,truct_bbox,license_plate_bbox,license_plate_bbox_score,license_number,license_number_score
0,1.0,[2.464324951171875 252.25537109375 299.53228759765625 542.4094848632812],[163.01898193359375 456.6329040527344 226.30392456054688 480.5695495605469],0.6997063159942627,0,84TF96,0.038470731662838716
1,1.0,[4.267205300646651 255.91449230106062 303.773450724745 543.6927410550448],[167.147705078125 456.7353210449219 229.93008422851562 481.1242980957031],0.6770304441452026,0,8307'IC,0.02119822876822166
2,1.0,[1.3636175132867265 243.40604890911243 307.6818299011268 541.2825417782402],[169.45248413085938 456.5228271484375 234.0723876953125 481.549560546875],0.8013994097709656,[02397'IC,0.08528762965760667
3,1.0,[0.8180195134069663 237.00467994654838 312.65223214418074 541.9358580091448],[172.04620361328125 457.39422607421875 235.64093017578125 481.93499755859375],0.629559338092804,08X7'6,0.07293134919085
4,1.0,[2.8600265831372838 239.30951709821008 317.3669544880813 545.0121792375571],[176.98532104492188 457.8831787109375 241.55889892578125 480.9296875],0.617229700088501,{0AFU775,0.05318303327695679
5,1.0,[5.3213532956821155 232.532702380389 322.78393304267075 544.2160442869666],[180.24566650390625 456.7947692871094 246.69161987304688 482.1166076660156],0.63340163230896,0IBSIF(5,0.09736388486271337
6,1.0,[11.31594260299326 233.67749904215674 326.46417226859717 544.7694330898244],[181.26345825195312 456.9234619140625 248.38284301757812 481.8121337890625],0.6292944550514221,@8NTE,0.058790241240685444
7,1.0,[16.536523606431274 235.5977774340207 329.7649359551094 545.3232888246389],[184.50418090820312 457.1854248046875 250.20040893554688 481.9656982421875],0.6902351379394531,10U87'6,0.08228368687356713
8,1.0,[16.286839452856753 237.09739661291346 331.8388459307622 546.6029558351008],[186.70831298828125 459.3109130859375 252.25787353515625 483.731689453125],0.5545637607574463,[@N817'Z6,0.013932929504390533
9,1.0,[12.123151990658215 238.8304983109941 332.53875137046714 548.136939686294],[190.18881225585938 460.76190185546875 257.2979736328125 485.08892822265625],0.766980767250061,D8507TR,0.1336471275049659
10,1.0,[10.830910479918145 238.6376092612823 334.7265009736659 548.6114693154648],[192.67620849609375 460.967529296875 257.7138366699219 486.42431640625],0.7943692207336426,0S8*7C,0.05649237220017618
11,1.0,[10.045370784272734 243.10992448597457 336.5192621911929 550.3917332616816],[192.94876098632812 460.9521484375 261.54290771484375 486.89111328125],0.7537595629692078,[0784/7'16,0.4170840540161765
12,1.0,[9.102097451780253 245.77444730403286 338.00295009942215 550.3302844481824],[193.63336181640625 460.5585021972656 262.8205261230469 486.3841247558594],0.7928347587585449,0,85777G,0.05346171034402431
13,1.0,[8.468521372567437 245.19099288124238 339.4630899052828 549.4331702042698],[193.83782958984375 460.4222717285156 264.03912353515625 486.3850402832031],0.7883302569389343,0285077G,0.17109459714212366
14,1.0,[10.131235742520403 244.83529369088419 341.602443826851 549.1017950194],[194.85513305664062 460.307861328125 265.2090759277344 486.33331298828125],0.8081461787223816,{DAB57I'IL,0.01625386119683223
15,1.0,[9.207360028904162 242.52981123090476 343.1921164567641 548.2983773989015],[197.0609130859375 459.8869323730469 265.5158386230469 486.0550231933594],0.8473290801048279,{0A507776,0.06534258487130526
16,1.0,[7.7426992320166335 239.29910399231076 344.8692804207335 547.3853426261364],[200.703369140625 459.3943786621094 266.712158203125 485.6492614746094],0.8737801909446716,04887776,0.10757457971396137
17,1.0,[7.716604904537121 237.20438316346954 347.3928799275327 546.8536272893235],[201.91094970703125 455.82269287109375 267.61871337890625 482.50567626953125],0.6212598085403442,10N89Ú7^C,0.15041703196043038
18,1.0,[8.305497491845387 229.92747779041395 350.3947337731154 544.3189949828661],[201.13194274902344 454.51324462890625 268.374755859375 481.48858642578125],0.7570324540138245,{0N'8309776,0.06100137787719398
19,1.0,[7.62945440822935 229.52182043884258 352.3840666200167 545.2910498846247],[201.9431915283203 454.160888671875 273.72650146484375 481.03436279296875],0.8035447001457214,{0489017,0.06285574530378192
20,1.0,[7.326396920119009 200.98120016671945 356.14197860853284 534.6902141666703],[203.00320434570312 454.0054016113281 274.3154602050781 480.7945861816406],0.8261714577674866,(DI290717,0.126470957285574
21,1.0,[6.495319126473106 186.8286249938231 358.060900484567 534.1445077752971],[204.0297088623047 455.5066833496094 275.08831787109375 483.1073913574219],0.7349767684936523,[DIE90778,0.10881972379012157
22,1.0,[7.528635924221135 186.43941359400992 359.8130757265788 540.3288316188003],[205.59646606445312 457.27044677734375 277.0718688964844 484.74310302734375],0.8599236011505127,{DI230"T,0.24424473699930932
23,1.0,[6.835295273135813 184.61838967613764 360.4710433877352 543.7586303389259],[206.69969177246094 457.52093505859375 279.3375244140625 485.06292724609375],0.8359015583992004,FD48977"6,0.10744749471993213
24,1.0,[6.954671438652184 173.47171884464368 361.4064598505761 542.1540044951137],[206.86802673339844 457.83489990234375 280.089599609375 485.69561767578125],0.8415094614028931,[BI501*6,0.02368829268282178
25,1.0,[5.717855018913497 168.52689428904463 362.3759828152678 544.5993860126748],[207.60552978515625 459.6507873535156 280.98211669921875 486.8154602050781],0.8532441854476929,[,;SUF96,0.0042707220269281865
26,1.0,[8.280373248923638 166.17669763656772 365.30946633411423 547.5572100414415],[207.94874572753906 460.22808837890625 281.0653076171875 488.41058349609375],0.8461744785308838,{0484778,0.050996838694683806
27,1.0,[11.248884937038014 166.11313456301428 368.2687717010541 551.1658673421773],[208.2105712890625 460.5599670410156 282.28973388671875 488.9060974121094],0.8212267756462097,[@Z3407'1G,0.10204424317910897
28,1.0,[11.40312261247206 162.68875513968783 370.15860465374055 552.3813707358732],[209.1701202392578 460.586181640625 282.32916259765625 489.0206298828125],0.8183668255805969,1728307'5,0.027552686862683272
29,1.0,[10.584795169631377 156.77267234696035 371.78999259539916 552.3383701358263],[208.3256378173828 460.19903564453125 282.01641845703125 488.5474853515625],0.8070133924484253,[DI3907'TG,0.1812395953140287
30,1.0,[10.763812830962792 165.16469100308493 373.7118876959596 558.8050744780276],[210.90481567382812 460.3296813964844 284.0566101074219 489.1152648925781],0.8516120910644531,{DI8907'16,0.3541459658266237
31,1.0,[11.915416917322858 166.6928710364115 375.8308323316386 560.3570855693307],[214.07371520996094 460.8447265625 286.5853271484375 489.7515869140625],0.8236383199691772,[8I3907'16,0.34012937054548903
32,1.0,[14.222117925538242 163.15596690830262 378.6204972072485 558.3966267238865],[215.3711395263672 460.18359375 287.44036865234375 489.4649658203125],0.8246231079101562,[DI8907'1G,0.41337945707190427
33,1.0,[15.134796133819151 166.81437087613483 380.3706924604563 559.2234575259989],[215.98760986328125 459.2862854003906 287.91143798828125 489.0202941894531],0.8510072231292725,(0A8907'16,0.22292269579806848
34,1.0,[15.19802993493488 164.63197866447805 381.768312705342 557.9838659966234],[216.71006774902344 459.8045654296875 291.841064453125 489.4136962890625],0.8377454876899719,[DL8907'T6,0.3648142370224138
35,1.0,[15.71875419219046 172.73706877687422 383.1919401469421 561.3882819412557],[216.73956298828125 459.5885925292969 292.13690185546875 489.7806701660156],0.8570825457572937,[0289071G,0.212983597174645
36,1.0,[15.511390744202686 170.38268092516992 384.796725893347 560.0242763836385],[217.62925720214844 459.8255615234375 295.555908203125 490.0126953125],0.854985773563385,FDL39071G,0.21474505527794702
37,1.0,[14.341413118004056 173.35425642303147 386.47338682379984 562.3594816610766],[218.49337768554688 461.0959777832031 298.1756896972656 492.0022888183594],0.8652541041374207,F0U89071G,0.2939374504617876
38,1.0,[9.205383463492922 155.09010171308765 386.5097352831217 555.6795236536143],[218.13717651367188 462.0521240234375 297.8434753417969 493.314697265625],0.8538859486579895,F01890771G,0.18278347538968337
39,1.0,[6.389287817606885 149.87244884498716 387.5448453485599 557.4712929169448],[220.6776123046875 463.9880676269531 298.82049560546875 494.7372741699219],0.8551643490791321,D.8907'G,0.1391032966797186
40,1.0,[4.917990990492655 157.48381250499415 388.6536584207835 564.1938077846323],[219.6337890625 466.0621032714844 299.01947021484375 494.9078063964844],0.8570007681846619,{DI3907'LT,0.17503705656724142
41,1.0,[3.336581257911888 145.96730097977448 389.7898695350465 561.6984350857946],[219.42233276367188 466.71673583984375 298.8805847167969 496.32745361328125],0.8620414137840271,{0I8907^1G,0.12701319713209186
42,1.0,[2.5257213843965474 136.1931012088284 391.4731272308852 561.4022069812843],[221.8292236328125 468.3592834472656 299.2908935546875 497.2162780761719],0.8580405712127686,[0I890726,0.14025903734294254
43,1.0,[2.0576983794703096 128.91335978257501 393.3510295269184 562.3991545591646],[224.02134704589844 468.1370544433594 300.7969970703125 497.5613098144531],0.8479670286178589,[0I890717,0.10387612821157023
44,1.0,[1.537105994090183 124.60435336582736 395.13075327696765 564.8721254565015],[224.21487426757812 467.305908203125 300.8932189941406 496.916259765625],0.8529541492462158,017007'1G,0.12141830610090452
45,1.0,[1.3626219987323793 133.91226508415144 396.9802136401708 571.9854207787412],[225.2785186767578 466.85986328125 303.27813720703125 496.43505859375],0.8637568354606628,{028907'16,0.26900620341256526
46,1.0,[0.9754081109482229 140.75319899901666 398.4907369720826 575.8569317412214],[225.1398162841797 465.283447265625 304.79205322265625 496.1529541015625],0.8587955236434937,{0I8907'1G,0.1916793933886804
47,1.0,[1.1581190118060647 153.45200949650004 401.21122572386537 580.9855999709852],[225.600341796875 464.59149169921875 305.98883056640625 496.39361572265625],0.8533307313919067,[048907'7G,0.23347925816972911
48,1.0,[0.9822677716240662 156.56819496024232 403.05016477611446 580.7301311671574],[225.30772399902344 464.48846435546875 306.6895751953125 496.98968505859375],0.8596671223640442,0I89DT(G,0.059588919011734874
49,1.0,[0.6057587723289828 164.96326781237366 404.11738773845946 582.8371206989746],[225.83682250976562 464.2358093261719 306.8558654785156 496.5112609863281],0.8385785222053528,FDI?9L7*IG,0.05805360168780218
50,1.0,[0.2502392926217283 168.71489987721756 404.8204752612994 582.5665665609519],[225.7904052734375 464.63519287109375 308.00640869140625 497.72247314453125],0.8527601361274719,{D189077G,0.14489080368383714
51,1.0,[0.3478805061010064 173.3737294057659 406.3602051174173 582.9422941485323],[226.663818359375 465.401611328125 309.29034423828125 497.4884033203125],0.861022412776947,(0739U7'7G,0.12477255497210728
52,1.0,[-0.2029456088366146 156.25859773722883 406.8351595014664 574.0922587844022],[226.70408630371094 465.293212890625 310.0030517578125 497.7598876953125],0.8623188138008118,{0138177Ö,0.18436703031810542
53,1.0,[-0.3571910443354227 147.7843744363913 407.8294883735945 572.456488982563],[227.49740600585938 465.125 311.6639099121094 498.1148681640625],0.863143265247345,{'158177Ö,0.054521724622222274
54,1.0,[-0.3718163325436592 141.17101668844305 409.133228200364 572.6657543727092],[229.2870635986328 466.6295166015625 312.87799072265625 499.496826171875],0.8569972515106201,(0139U7'1G,0.23207160508223418
55,1.0,[-0.15594022614109804 139.35030244814106 411.5614904826771 574.875340260971],[229.1563720703125 467.6744384765625 314.63629150390625 502.266845703125],0.862835168838501,{043967'1G,0.25687808650923943
56,1.0,[-0.17436589202560526 138.24863085612677 413.39767929752225 576.4523246864405],[230.1451416015625 467.846923828125 315.858154296875 502.46417236328125],0.8672943711280823,{0735U7*75,0.12072389080918215
57,1.0,[-0.24463114536104058 138.1335062226567 415.1402989940131 578.3388205067334],[230.3228759765625 468.9637451171875 316.88018798828125 503.8824462890625],0.8568677306175232,{0I335U7705,0.040035145621444466
58,1.0,[0.05215066444972649 135.2955688068851 417.79662876615384 579.2833638936615],[231.59408569335938 469.21514892578125 317.6702575683594 505.09259033203125],0.8321802020072937,{UI3907*1G,0.3087054006211391
59,1.0,[0.4948552827600565 126.36644458417129 420.4001053589259 578.8858044094777],[231.68833923339844 469.15411376953125 317.658935546875 504.83563232421875],0.8175312280654907,[013907'LG,0.09575888591189448
60,1.0,[0.14851219669526472 113.95930755323599 422.4245835185155 576.8872258320368],[231.73876953125 469.93865966796875 319.1802978515625 506.89886474609375],0.8181155323982239,{@I39U7'LG,0.5603893407073773
61,1.0,[-0.2262766487301633 104.08180694595282 423.98613054144386 577.8409799455249],[232.51806640625 470.594970703125 320.36962890625 507.96441650390625],0.7533760070800781,[DA8977LG,0.05942903985527093
62,1.0,[-0.6806959047937937 112.18566081619525 424.6762554217743 585.7695792618551],[232.94317626953125 470.4501953125 320.44451904296875 507.57470703125],0.7899019122123718,[0A8807"IG,0.4414115144718352
63,1.0,[-0.9370803718556999 105.20771798049964 425.3372495272672 584.2670074528264],[233.54034423828125 470.80975341796875 321.90771484375 508.41143798828125],0.8598318696022034,{068907'LT,0.17865954405695803
64,1.0,[-1.1080590920973634 120.03755619294998 426.1281818240368 592.4912475221212],[235.1749267578125 472.41729736328125 324.11126708984375 510.01239013671875],0.8543226718902588,048907'16,0.3688230894148619
65,1.0,[-0.902925339878891 125.29866321186367 427.5606084136281 594.7182743290821],[235.46014404296875 473.36492919921875 326.91363525390625 510.88800048828125],0.8552365899085999,/D;8907'16,0.10414452444789828
66,1.0,[-0.3834376839288325 131.20120983685692 429.9298461791486 596.5011810978114],[234.47589111328125 473.2161865234375 328.17913818359375 510.71728515625],0.8627154231071472,{0A8907'(G,0.18908101692486717
67,1.0,[-0.1594047569326449 131.6978244592696 431.98202158702367 595.887098859766],[236.8421630859375 473.51666259765625 329.05413818359375 511.84759521484375],0.859701931476593,DA3907'G,0.2518045596405091
68,1.0,[0.023486038900159656 131.63226292313027 434.11533497550914 595.5079864960339],[236.95965576171875 475.10211181640625 330.41265869140625 513.2266235351562],0.8551817536354065,(JA3907'LG,0.19553968046554587
69,1.0,[0.3261999753306668 130.40276349874523 436.7157084804029 595.3474697902213],[238.447509765625 476.34149169921875 331.28765869140625 514.7195434570312],0.8551684617996216,{0A8907'LG,0.11497157835295717
70,1.0,[0.1822652844103061 121.03444290003034 438.78581992738555 592.8176998918739],[239.53759765625 476.60357666015625 331.8798828125 514.4579467773438],0.8518105149269104,(0A3907'L6,0.11306750211094653
71,1.0,[-0.1216902389887764 114.6049917959165 440.3287447894289 593.21710697283],[239.5809326171875 477.2584228515625 332.06884765625 515.1112060546875],0.8412434458732605,{@43907'LG,0.23209716161339147
72,1.0,[-0.43123675844245213 114.0554147674979 441.36926349523526 596.0508563932583],[240.01605224609375 479.4815673828125 334.52178955078125 517.173095703125],0.8355506658554077,(DÀ8907'LG,0.38369102464292903
73,1.0,[-0.7389769584576698 100.11532095919986 442.7333431975928 593.1161552134432],[239.51385498046875 481.222412109375 334.97869873046875 519.0802001953125],0.8512692451477051,F0A8947'TG,0.1760570907101453
74,1.0,[-0.9332920150440316 93.9341607524106 443.8080471055631 594.8658502385388],[239.1968994140625 482.31170654296875 334.9197998046875 519.7213134765625],0.8242576122283936,{0A8907'LG,0.4735843646003165
75,1.0,[-0.47864894753425347 94.09076471613483 446.0570536776859 598.9934158794072],[240.9034423828125 483.353759765625 338.14404296875 522.2048950195312],0.8582815527915955,/OUB907"LG,0.16404920484882646
76,1.0,[0.0974379100728413 110.04722289135776 448.4162555728243 608.3497508347025],[241.59249877929688 485.08740234375 341.5923156738281 525.2722778320312],0.8527991771697998,[VUBYT1"6,0.07276762113301183
77,1.0,[1.0024921141867935 118.68459131904947 451.98674665399227 611.9447898975938],[245.426025390625 485.5594482421875 346.1187744140625 528.7915649414062],0.8279662728309631,IJ_,0.25427016615867615
78,1.0,[1.3056517065390665 126.4576838878931 454.9707860882064 613.8018909723323],[247.52645874023438 486.78131103515625 348.6148376464844 530.2183227539062],0.845759391784668,UA%,,0.24012684464557313
79,1.0,[1.732416635971532 114.01956699086949 458.6943862354293 606.9607178784763],[247.9185791015625 487.65008544921875 351.0869140625 531.9293823242188],0.8389058709144592,22,0.11848587439290735
80,1.0,[2.159636798502305 121.33579130486427 462.65427412873703 609.8285917465136],[251.9332275390625 487.1636962890625 351.912841796875 529.3778076171875],0.8490952253341675,VA89/171G,0.12445426214286943
81,1.0,[2.360586853182042 118.695225546232 466.17275543286183 607.18780177955],[252.20852661132812 487.0306396484375 353.5805358886719 528.40380859375],0.8504247069358826,[LJA8917'LG,0.3084939108716267
82,1.0,[1.5355355952266336 96.74369060534409 468.80696386469606 597.9406485074675],[254.87225341796875 487.26641845703125 355.57879638671875 528.109130859375],0.8601241111755371,0A89U7'LG,0.24265453393447967
83,1.0,[1.2959191687471332 83.86978496694402 471.8965153676768 595.7011247658476],[255.9320068359375 487.36517333984375 359.52587890625 529.1975708007812],0.8647920489311218,DA8907'16,0.3126314390281182
84,1.0,[0.6874442881367315 73.81898945196411 473.7746462819655 595.3705829977416],[256.63262939453125 487.33856201171875 361.16534423828125 530.059814453125],0.8619046211242676,DA38907'ZG,0.20106198618573556
85,1.0,[0.8237388527656151 66.7177791195366 476.77880462367716 595.9918801451001],[257.007080078125 489.58636474609375 363.624755859375 531.9600219726562],0.8874188661575317,048907'LG,0.23528874872713684
86,1.0,[1.1003114951996906 64.94532905181524 480.07595935629195 599.0621958093543],[261.92626953125 491.28076171875 365.395751953125 533.154296875],0.8658167123794556,[DA2907'8G,0.08585708537566317
87,1.0,[1.3357961554484064 64.5797223623104 483.4230307394413 601.2264448558767],[264.33013916015625 490.67742919921875 367.79205322265625 532.6235961914062],0.86424320936203,{DA89U7'LG,0.20523829993750103
88,1.0,[1.5980723444180853 80.40706953108173 487.0810440121965 609.8188663122803],[264.9408264160156 490.59710693359375 370.8187561035156 534.0895385742188],0.8785801529884338,[DUBGÜ7'LG,0.5285111208594913
89,1.0,[1.619313035130432 78.15518612982805 490.2497483777365 608.2220287384497],[265.809814453125 491.7653503417969 376.373046875 535.470703125],0.8878129124641418,DU3907'LG,0.2943350402353462
90,1.0,[2.0477907951959935 71.99374623472573 494.51855107417214 605.6632658519609],[269.90869140625 493.8835144042969 377.9892578125 536.7705078125],0.8971354961395264,DU8907'LG,0.5873477819852522
91,1.0,[2.3356116209061213 68.50376240312943 498.8014194255727 605.3199642906884],[271.71923828125 495.3996887207031 379.68719482421875 538.259033203125],0.8979963660240173,[DA'8907'IG,0.1408197942808131
92,1.0,[2.155536728419378 67.67466167745624 502.149776326719 606.6001296506134],[272.57928466796875 497.133544921875 382.7188720703125 541.3154296875],0.8868236541748047,DU8907'7G,0.4109110623601478
93,1.0,[2.1100097629122843 69.36836703906567 505.62278151037987 608.7566665798477],[275.41082763671875 498.549560546875 385.55963134765625 543.4638671875],0.875836968421936,DU8907'LG,0.28648628792984115
94,1.0,[2.184411539503458 68.77130653864447 509.34532340065755 608.9129769614968],[278.98828125 499.33880615234375 388.0928955078125 544.0189819335938],0.8752078413963318,DU8907'1G,0.48282637942516426
95,1.0,[2.3952156315054367 65.9738691549606 513.4913367181653 608.1188339878902],[281.22137451171875 500.6905212402344 393.15179443359375 544.7691650390625],0.864764928817749,DA'8907'LG,0.327346457107838
96,1.0,[2.18646600490365 69.70235291815175 516.7353756186732 610.5305900106456],[282.334716796875 501.3423767089844 394.533203125 545.4844970703125],0.8715381026268005,IDA8907'LG,0.4315521048028521
97,1.0,[2.0285027400258286 69.70450037307427 519.9358267992081 611.6281274524447],[284.1604919433594 502.1834716796875 397.3411560058594 547.3028564453125],0.8658254742622375,[DA8907'1G,0.2523547569696125
98,1.0,[2.09304001929155 65.33119638107843 523.6301578916223 611.1025944796431],[286.63299560546875 504.6182556152344 400.22296142578125 550.7283935546875],0.8857498168945312,DA8907'LG,0.7089320719500665
99,1.0,[2.3599349266877425 60.748292390707206 527.9434400513078 611.6249683396936],[288.785400390625 507.8695068359375 403.7607421875 553.1617431640625],0.8820294141769409,DA8907'1G,0.37550216526179925
100,1.0,[2.4336412819168913 60.865439150760835 531.8879378605639 613.3735013780602],[289.32318115234375 511.0437316894531 407.16473388671875 555.05224609375],0.8964400291442871,DU8907'LG,0.8315152638406694
101,1.0,[2.3044622051798456 56.82202178256807 535.8944741129778 619.4723198489459],[292.93157958984375 513.1915893554688 408.85662841796875 559.7212524414062],0.8913468718528748,DU3907'LG,0.6367933803469954
102,1.0,[2.004218748559424 51.547519615558656 539.28373529112 623.2970014105279],[295.3816833496094 515.25732421875 411.3714904785156 561.407958984375],0.8753593564033508,HDA8907*1G,0.24139588076615592
103,1.0,[1.806807994879989 50.98031010124828 542.241591992411 621.7084801162638],[297.54888916015625 516.7322998046875 413.69219970703125 562.677978515625],0.868923544883728,DI89U7'LG,0.4545560821302439
104,1.0,[1.8024843214200814 50.66793591186388 545.4925688923854 620.3432356510855],[298.7509765625 516.675048828125 417.41748046875 563.373046875],0.8555004596710205,DJU8907'1G,0.34391361658587294
105,1.0,[2.614126970200857 61.484745793104196 549.8649303907875 622.8758015670312],[302.94512939453125 518.5413818359375 421.93035888671875 566.0352783203125],0.8469668030738831,DU8907"LG,0.36487296684549325
106,1.0,[3.506078595344661 54.78325668001099 555.8783789859876 617.022478923911],[305.4974365234375 519.6407470703125 427.0107421875 567.3621826171875],0.8530077338218689,DA8907'LG,0.2882245318783136
107,1.0,[4.30256947028181 60.91428988153638 561.8794288405902 617.861134679911],[309.1403503417969 521.4346923828125 429.0236511230469 568.7384033203125],0.8519158959388733,DU8907*G,0.5748635119147217
108,1.0,[4.351842732379339 51.86471240709142 567.0830666862814 613.2964903635907],[311.4523620605469 522.7957763671875 432.6382141113281 570.0430908203125],0.847716748714447,DU8907'LG,0.3291648367200677
109,1.0,[4.556880145962964 53.743018666643195 572.8268466465219 618.3287748616751],[316.2540283203125 525.1626586914062 441.5784912109375 576.2319946289062],0.8913135528564453,[DU89U"'6,0.09708755609126021
113,1.0,[3.7089242675579612 59.431221679027146 593.5155661712979 647.2107508486565],[329.96661376953125 529.4332275390625 458.28192138671875 581.7877197265625],0.8357611298561096,UU*9{'7';,0.13792734683764313
114,1.0,[3.9128485653323537 59.954163865828946 598.9521506435728 648.8668968017151],[334.30877685546875 530.66748046875 461.47930908203125 581.1927490234375],0.871235191822052,OU8907*5,0.42462212777161895
115,1.0,[4.500054684248937 61.968145991972335 605.5711770247285 654.1642121446548],[337.85498046875 531.5515747070312 467.79541015625 583.2072143554688],0.8687430620193481,QU8907'G,0.38737675698716445
116,1.0,[4.335649346953517 56.90038442158726 611.1737969112444 657.6845776040325],[341.9681396484375 533.739013671875 473.658935546875 585.539794921875],0.8163846731185913,048907'LG,0.18736060750277048
117,1.0,[5.761897802665146 61.670481313644984 620.2223043643353 665.2426539990081],[346.3370361328125 534.2840576171875 477.2742919921875 585.6326904296875],0.8590190410614014,[U8907'LG,0.34349206209318955
118,1.0,[5.939099588613544 69.53672680251907 627.2872123345516 672.2576330769344],[352.97393798828125 534.00341796875 482.50616455078125 585.6917724609375],0.8515692949295044,048907'LG,0.4040513823404976
119,1.0,[6.719813215278407 72.25314343813483 635.1547200141713 677.3879806095226],[357.849853515625 534.5244140625 490.1307373046875 585.900390625],0.8416267037391663,DU8907'G,0.4873103841340687
120,1.0,[5.843048939253208 70.48649027107922 639.964396322973 680.3576537898698],[360.9365234375 534.430908203125 493.45263671875 585.776123046875],0.8846291899681091,DU8907'L6,0.2108355471159935
121,1.0,[5.074518137903112 71.11772010774251 643.8726137823201 685.0112240372516],[364.0557861328125 534.6527709960938 495.9532470703125 585.7162475585938],0.8667538166046143,DU8907'LG,0.7863948964389774
122,1.0,[4.3217174919714125 71.25063755437742 647.5432458849325 688.6903675429185],[366.27764892578125 534.7518310546875 498.9969482421875 586.1448974609375],0.8627957105636597,DU'8907*6,0.16246491620146578
123,1.0,[4.091583278064377 71.15317340915749 652.0473432237868 691.8643932405879],[367.42755126953125 534.4522705078125 500.73565673828125 586.6739501953125],0.8873107433319092,DU8907'6,0.45199410433352555
124,1.0,[3.1526922229979277 71.66662980517685 654.1609203189421 695.7278734176678],[368.156982421875 537.1506958007812 504.06854248046875 591.8146362304688],0.8980326056480408,DU8907'6,0.39511022935833534
125,1.0,[2.688511326410037 74.16353737081954 656.5512498110518 702.7396958446332],[370.06231689453125 540.2395629882812 506.60821533203125 593.0676879882812],0.9029150605201721,DU8907'G,0.2956549207965175
126,1.0,[2.655728680207517 75.06798806758411 659.7102042674265 708.2437747753526],[370.55987548828125 541.64892578125 507.76202392578125 594.04931640625],0.9095219373703003,DU8907'LG,0.344320256613468
127,1.0,[2.6138583549126793 74.66704146857671 662.4808421305222 712.3890953834085],[371.5093994140625 542.310546875 508.48028564453125 594.87109375],0.8952890634536743,DU8907'LG,0.5881248158866171
128,1.0,[2.250764237789383 76.10182455390992 664.779963851824 720.3693464597995],[375.45086669921875 545.052978515625 510.95892333984375 598.245849609375],0.8618636727333069,DA890775,0.4963800727166528
129,1.0,[2.1698616083346565 74.6977885137884 667.3720507784535 725.0772882317873],[376.2430419921875 545.7769775390625 511.9034423828125 600.170654296875],0.8525410890579224,DA8907'LG,0.39009058023794607
130,1.0,[1.5606511329035015 71.66177575297758 668.5918722394797 726.5282550255672],[377.22711181640625 545.5582275390625 513.6656494140625 600.5611572265625],0.8493215441703796,DA8907'LG,0.48329860953977954
131,1.0,[0.9180300075428249 69.40450823296158 670.1592699426135 729.7799493436409],[376.917724609375 546.5472412109375 517.649169921875 600.8289794921875],0.8358866572380066,DA8907'{6,0.37402607114614483
132,1.0,[0.3918918683124275 66.50405122936507 671.6238502767687 731.8482726593716],[378.5906982421875 546.90234375 518.8880615234375 600.89404296875],0.8501058220863342,[JA8907'TG,0.2928589684036192
133,1.0,[0.07541393430562948 66.29680554350057 673.1263044368931 735.0215619456285],[379.54559326171875 546.4306030273438 520.4673461914062 600.9340209960938],0.8537130355834961,DA8907'6,0.5829174744456522
134,1.0,[-0.5393972013901589 64.582635394237 673.7519796683862 736.0498894275781],[382.22259521484375 547.4056396484375 521.2319946289062 601.3194580078125],0.8517836928367615,DA8907'L5,0.28551514050612076
135,1.0,[-0.5034603734732741 64.79431120963181 674.8152866092121 739.4725192129015],[383.368896484375 549.43359375 524.0874633789062 603.242919921875],0.7914784550666809,DA8907'16,0.26056308369790426
136,1.0,[-0.31066893739642865 64.16273061625941 676.4175809283597 741.875436626174],[383.569580078125 550.5103759765625 525.0660400390625 605.6571044921875],0.8477712273597717,0A8907'G,0.27948531990798875
137,1.0,[0.06689095700733105 63.798280166773225 678.4191827553192 744.2029876009474],[382.96923828125 551.798583984375 525.3721313476562 607.039306640625],0.8931970000267029,DA88907'IG,0.3124216928207384
138,1.0,[0.03416215533536615 56.48783430549946 680.6262485980819 741.7894374290859],[383.04217529296875 554.022705078125 525.5691528320312 607.514404296875],0.9031206369400024,DA8907'1G,0.44874878878360575
139,1.0,[-0.491651945587364 53.024596852766706 681.576610192475 742.6428596723556],[383.28204345703125 554.562744140625 526.2738647460938 607.9208984375],0.9036155939102173,UA8907'LG,0.2043132769179121
140,1.0,[2.0708504678286204 61.551254307761326 685.240073973449 749.9669833306716],[384.24554443359375 555.2987060546875 527.1212768554688 608.1485595703125],0.9047726988792419,UA890776,0.30375393272000123
141,1.0,[2.9166343835731823 65.37638047596249 686.5929929029639 751.6093850264822],[383.8896484375 557.197998046875 527.7490234375 609.732177734375],0.8954665660858154,{A'8907*6,0.22165907621383663
142,1.0,[3.9327491521934803 67.51129579618475 687.924374416631 753.3173870820605],[384.16217041015625 557.69580078125 528.1405029296875 609.884521484375],0.8971304893493652,UA'8907"LG,0.16151263798977503
143,1.0,[4.925325631288786 69.41564757397873 689.0833613742143 754.7141563029163],[383.6490478515625 558.886474609375 528.3319091796875 610.6776123046875],0.89101642370224,OU8907'LG,0.5350168966339565
144,1.0,[7.572657520460723 67.95859193653058 691.9599589736583 745.8446651796721],[383.93963623046875 560.1080322265625 528.5006713867188 611.6646728515625],0.8734012246131897,UU8907'LG,0.33574134328290506
145,1.0,[9.76260832080277 69.75159854700524 695.534807448633 741.898520841648],[384.103515625 560.685302734375 529.0390625 611.845458984375],0.8757903575897217,UA8907'LG,0.29576351127731987
146,1.0,[11.477834119688282 71.7425833079509 697.2690085965191 739.104225707411],[382.6866455078125 560.5596923828125 528.4229736328125 611.9661865234375],0.8714030981063843,0A8907"1G,0.2895081249365433
147,1.0,[12.219355187522126 73.56762779952504 696.3171349453205 736.0882703936991],[382.1947021484375 561.82666015625 528.3572998046875 612.3133544921875],0.8671352863311768,DA'8907'16,0.14558895504197164
148,1.0,[12.377824543980182 73.87763068384584 695.5661942708404 730.7076434329007],[381.04559326171875 563.5018310546875 528.5889282226562 612.7803955078125],0.8271951675415039,(DA8907'LG,0.5920461370530832
149,1.0,[15.06994235866108 74.32331830565653 695.6611532365155 727.3671601015128],[380.0135498046875 564.4920654296875 529.317626953125 613.774169921875],0.8022616505622864,UA8907'(6,0.06977646105967177
150,1.0,[20.544010615864067 74.94287345955041 695.4700506583233 723.2756614146551],[379.109619140625 565.4544067382812 529.1497192382812 614.2489624023438],0.7571250796318054,[DU*8907'LG,0.16698585713324898
151,1.0,[27.355515230298863 76.75707392543609 698.1823615345616 722.0266693259194],[378.00372314453125 566.5333251953125 529.3494873046875 614.4471435546875],0.7107161283493042,{0A8907'[G,0.16875673124845092
152,1.0,[34.168360134442196 77.68862971919151 699.7656944711995 720.3152833324023],[379.65277099609375 566.8767700195312 529.397705078125 614.4518432617188],0.7670231461524963,DA8907'G,0.42738833815928445
153,1.0,[40.16754526568991 78.4739432165631 700.4886404070876 718.5617141196115],[380.8018798828125 567.326904296875 529.9746704101562 614.8619384765625],0.78538578748703,UA8907*1G,0.13711929855577823
154,1.0,[44.96564278279595 78.75184333858851 699.9374376570064 717.9328765301918],[381.77252197265625 568.333251953125 530.7713012695312 615.073486328125],0.8192717432975769,D48907'L6,0.4545393949273815
155,1.0,[50.238481963063236 76.84937176938217 701.5247176338603 716.8387049897308],[383.8775634765625 568.8482666015625 531.6007080078125 614.3817138671875],0.8315321803092957,{DA8907'1G,0.35861050594074717
156,1.0,[57.56500250389411 72.42422430626249 707.9380724496132 714.3131379617917],[387.78155517578125 570.6738891601562 532.8978881835938 613.7772827148438],0.8275123238563538,[BU8907"L6,0.11683013942842918
157,1.0,[63.50652073375733 83.2496187281937 713.2746766391633 738.8560873250409],[392.1546630859375 573.328369140625 534.626953125 614.21240234375],0.8047270774841309,LUA8907'LG,0.41314423347757995
158,1.0,[68.96274462875539 83.0839073846455 718.6803723876085 749.5932929161364],[394.46014404296875 574.8345947265625 535.7510986328125 616.9544677734375],0.8177250623703003,LU8907'LG,0.629607083687197
159,1.0,[72.59741990945582 79.12953369405699 721.8557944257468 752.7844385306905],[392.49249267578125 575.2747802734375 535.6940307617188 617.0340576171875],0.7868384718894958,@48907*LG,0.34326084157832865
160,1.0,[76.14839167855462 75.67100899712955 723.9804808844264 756.3770177512288],[394.60125732421875 575.26953125 536.5868530273438 617.3056640625],0.7799025177955627,QU8907*LG,0.2437357867464913
161,1.0,[80.24411691963212 76.58608083917659 725.5776921843083 761.3531359310957],[401.0650634765625 574.7530517578125 537.88720703125 616.9599609375],0.8282227516174316,1UA8907'LG,0.15178047004866138
162,1.0,[83.89160406437333 77.65581431559144 726.3605064754611 765.497835627716],[408.32281494140625 575.2694091796875 538.8277587890625 616.7899169921875],0.7673444747924805,IQA8907*@,0.07759307858767439
163,1.0,[88.85435562196693 76.82454126272353 727.2010344068578 769.4499170187188],[414.8096923828125 575.2911987304688 543.1823120117188 617.0411987304688],0.7367210984230042,|/A8907I@,0.07591951195306848
164,1.0,[93.91531210184888 51.06982165688373 727.9616683756635 732.7167571108074],[418.2635498046875 574.6861572265625 560.1104736328125 618.3865966796875],0.7290897965431213,LUU8907'L6,0.16327298647826965
165,1.0,[101.33542567175868 63.32501579429379 729.4106310277015 753.829971391499],[427.1662292480469 575.520751953125 564.074462890625 620.478759765625],0.7030057907104492,[U8907'L6,0.18030834174317073
166,1.0,[109.13281480185458 65.79016170903338 730.4030987740191 762.5613913839679],[439.7613220214844 579.1287841796875 579.1148681640625 627.3995361328125],0.736899733543396,{7U8907'1G,0.08722910814155156
167,1.0,[117.35839911478553 60.36840161318372 731.1050246370464 755.3815087244604],[448.0074157714844 579.4213256835938 589.4732666015625 629.9214477539062],0.815954327583313,IU89N7'LG,0.16213608246188152
168,1.0,[126.68526288733574 36.86298764644579 732.4461046559677 710.6088405316991],[453.43927001953125 579.345947265625 594.5817260742188 628.388916015625],0.8001371026039124,1428907'[G,0.13184860448912994
169,1.0,[136.14744973647277 29.033117756985575 733.08016060913 687.0664389376456],[522.74609375 579.18798828125 605.2099609375 633.1517333984375],0.38594427704811096,907'{G,0.36059218326214515
170,1.0,[146.08060310115394 55.1318933578014 733.8253212183247 728.9411419555818],[470.0419921875 580.48974609375 612.65869140625 632.836669921875],0.6508505344390869,1LG8907'[G,0.1900178653306297
171,1.0,[156.40275989936003 63.45020254895587 734.3040892135721 749.5778657651581],[477.6257019042969 581.43896484375 623.99169921875 637.099609375],0.4430181384086609,40L48907'LG,0.055616820858151964
172,1.0,[162.29455179357325 34.65078235645552 732.874816781318 701.4867816769054],[478.14019775390625 582.0004272460938 628.9243774414062 640.3128051757812],0.48425599932670593,"0A8907'LG,0.1642908776885708
173,1.0,[168.69850488937158 27.558694349489656 731.8492560415953 679.577897682303],[529.2172241210938 582.3497314453125 635.4907836914062 641.2130126953125],0.5007970333099365,'8907'{G,0.2672761646684083
174,1.0,[173.39476490761393 32.60632452382305 730.4587859125875 668.6374638576058],[491.30712890625 582.711181640625 638.1767578125 640.8544921875],0.7535963654518127,8907'LG,0.37821139164477263
175,1.0,[177.30429964640507 32.689052704884546 729.0414762654204 660.2976871993499],[489.4345703125 584.9525146484375 642.35888671875 640.4163818359375],0.8448781967163086,'8907'LG,0.269183850921289
176,1.0,[181.2184213004279 36.02476422624062 728.0695012390888 655.3244816805752],[514.4129638671875 585.8585815429688 646.2220458984375 641.0957641601562],0.838543176651001,'8907'LG,0.25367226217322797
177,1.0,[183.44153379384278 39.53160160463045 726.6640817603695 651.6270022256394],[497.9598388671875 583.0787353515625 647.7591552734375 640.3587646484375],0.8168599009513855,'8907'6,0.3581496973753926
178,1.0,[185.86955843791588 43.30268285471459 725.7884519264554 649.9299715812916],[507.476318359375 583.8582763671875 648.298583984375 641.02880859375],0.8097232580184937,'8907'1G,0.2945272377223293
179,1.0,[187.55680182457314 43.94879466690554 724.8810324644796 648.65842273375],[523.031494140625 585.0213623046875 649.612060546875 641.5653076171875],0.8387632369995117,'8907*G,0.4319147389352172
180,1.0,[187.8317639302138 44.86602211671152 723.6941063174421 647.4409493238209],[522.03271484375 584.8216552734375 648.7088623046875 641.69140625],0.8446597456932068,8907'LG,0.47392743073380356
181,1.0,[187.89555224023076 46.096856827541274 722.8262184454479 647.0604210489865],[513.9654541015625 585.1834716796875 647.7562255859375 641.5670166015625],0.843837559223175,'8907'LG,0.300755041172075
182,1.0,[187.7148258060776 44.70053776199836 722.1554407561546 644.3428126208167],[505.1806640625 585.4686889648438 647.093994140625 641.3639526367188],0.8443613648414612,8907'LG,0.4376387748794282
183,1.0,[187.09352469909965 44.928670689563944 721.5240710195267 643.828800569876],[514.9342651367188 585.834228515625 646.5042114257812 641.619384765625],0.8477834463119507,28907'G,0.5223189344324682
184,1.0,[186.41760865742435 45.06848605698866 721.0887071175437 643.493173976676],[514.5849609375 586.00390625 646.2744140625 641.63232421875],0.8304269909858704,'8907'G,0.655202775550485
185,1.0,[186.02886900194852 46.09216051634496 720.9264642074593 643.4893326413228],[504.278076171875 585.444580078125 645.659912109375 641.168701171875],0.8445810675621033,'8907'1G,0.23349015822088265
186,1.0,[185.91584734152917 46.148992858096165 720.9114178877846 643.2653698304387],[504.2581787109375 585.343994140625 645.2078857421875 641.3817138671875],0.8464620113372803,'8907'LG,0.2946503479300796
187,1.0,[186.0361419752466 46.94353161069273 720.961628177362 645.1251125083238],[503.4736328125 585.7373046875 644.236083984375 641.048095703125],0.8479921221733093,'8907'LG,0.34090908725520164
188,1.0,[185.84346727876715 47.84784125482071 720.8236877966224 646.5212026180541],[503.34716796875 585.8267211914062 644.021484375 640.9074096679688],0.8448359966278076,'8907'L6,0.37510717849353886
189,1.0,[185.3487408507691 49.50862528457196 720.5549523891798 646.9301237820737],[493.30859375 585.767333984375 643.96826171875 640.757568359375],0.8421935439109802,'8907*G,0.3372509390618682
190,1.0,[184.09555696356625 51.20443490650865 720.0188174228526 648.4937054483764],[505.8026123046875 586.2664184570312 643.2657470703125 640.6705932617188],0.8269864916801453,8907*6,0.5151120768164281
191,1.0,[183.1072453573206 51.8614928115187 719.7871775580962 649.8876455387935],[487.1484375 585.4854125976562 640.671875 640.9320678710938],0.8262612819671631,'8907'LG,0.2403237901806435
192,1.0,[182.17812896805418 51.28384419036388 719.6393255104624 648.8282406630753],[486.533203125 585.3614501953125 640.4388427734375 641.04150390625],0.8255265355110168,'8907'6,0.35370427467557625
193,1.0,[181.24972851707213 50.46869426689233 719.5298206235541 648.3505951734064],[489.3577880859375 584.9989013671875 639.472900390625 641.7149658203125],0.8021246194839478,8907'LG,0.3533010382416787
195,1.0,[179.00603740612092 70.84235007370069 720.9720611895673 695.2318026946863],[527.3404541015625 585.7162475585938 635.0753173828125 641.8635864257812],0.5018253326416016,8907'LG,0.5602076790120043
196,1.0,[175.01721728139466 72.23906159838538 720.2005959870094 721.1842763639936],[522.956298828125 583.9940795898438 627.544677734375 641.0934448242188],0.41504228115081787,8907'L6,0.8371569572979168
197,1.0,[169.1858588379194 72.85137581706203 718.6925121062507 742.6502687243673],[528.1043090820312 586.1369018554688 622.1904907226562 641.2448120117188],0.31588539481163025,8907*G,0.43183850507794347
206,1.0,[10.89008527893418 28.193724345070677 654.693622435704 706.2112212676884],[335.97296142578125 577.516357421875 483.49298095703125 615.260009765625],0.3317921757698059,LU8907*}!,0.06412817456401702
211,1.0,[-8.935657773732203 60.91727542586489 618.6349124623023 714.1777784161626],[307.83807373046875 567.5150146484375 457.4263916015625 613.1248779296875],0.45947033166885376,[DA8907'LG,0.3928497253178458
212,1.0,[-9.239504961724435 66.54733868665181 612.4818989752125 713.8018117743302],[301.27484130859375 565.0166015625 444.84332275390625 613.145263671875],0.28993406891822815,DU8907'L6,0.4060541755158416
213,1.0,[-11.25154691289373 71.72985143306414 603.1463118867871 722.8426577477334],[296.75970458984375 562.8941650390625 442.9088134765625 612.615478515625],0.6725039482116699,0A8907'6,0.30288604384290957
214,1.0,[-11.608538289304192 70.31020150525836 595.8934980439109 720.050175809713],[292.73480224609375 560.0756225585938 438.0211181640625 611.5972290039062],0.7391694784164429,DA8907'[6,0.504913887208375
215,1.0,[-10.461351575830236 69.48060515815911 591.799737032565 717.1884420945551],[293.37005615234375 560.2528076171875 437.74627685546875 611.3885498046875],0.7836389541625977,DA8907'LG,0.42898415076438134
216,1.0,[-8.239655259017354 70.46634946930345 591.1575818461166 717.2725025846719],[296.63848876953125 562.548828125 440.45263671875 612.20703125],0.6611253023147583,DU'8907'G,0.25265377373251807
217,1.0,[-5.373193335932797 73.9004169783363 593.860438391536 719.9150578441063],[302.391357421875 562.3494873046875 445.1005859375 612.5010986328125],0.6857916712760925,0U8907'6,0.2823336720496963
218,1.0,[-1.4732348491921243 73.5704769284996 601.4387786037646 720.0737305188799],[312.28057861328125 559.9249267578125 454.44921875 612.1478271484375],0.7089781761169434,DA8907'L6,0.27774328351144095
219,1.0,[2.001970760075494 67.78960757817828 610.2967861314921 717.2800941310543],[319.62261962890625 554.501220703125 460.67559814453125 607.414306640625],0.8788447380065918,0U8907'LG,0.30709125565128936
220,1.0,[6.202551164216516 47.74254440257897 624.1662882316957 703.4287391416487],[327.6963195800781 547.3858642578125 466.7038879394531 602.3980712890625],0.8188837766647339,DU*8907'16,0.34553006236971745
221,1.0,[8.279145495075852 36.74472065098547 635.7643926784867 688.8604010714403],[328.3941650390625 533.7963256835938 474.0811767578125 592.0604858398438],0.8947879076004028,[DU8907'LG,0.2837140648560802
222,1.0,[4.891299378377937 17.800922025442105 636.1653006895328 663.7496550120122],[329.17022705078125 519.99169921875 468.07733154296875 575.42236328125],0.8818474411964417,DU8907'6,0.4169176048531949
223,1.0,[2.5251021758646743 3.3570993753481275 635.6171824895928 646.3616976554724],[324.8905029296875 495.861328125 466.60107421875 551.6754150390625],0.9086242318153381,DU8907*6,0.44560132803803953
224,1.0,[1.505149611573131 -8.159775305024482 636.9530126171987 623.9270312519719],[327.171875 465.3638916015625 471.88494873046875 521.933349609375],0.8944003582000732,0A8907'6,0.4169298483078729
225,1.0,[3.405659245511629 -11.106575342789938 644.513966233142 612.5973027884509],[339.600341796875 414.3764343261719 484.52728271484375 474.0070495605469],0.9004855155944824,OU'8907'L6,0.32457667211065555
226,1.0,[8.466812659695847 -24.66515819754153 663.5036976494548 567.3836863782819],[354.994873046875 355.35943603515625 500.4891357421875 418.66162109375],0.8842155933380127,[A8907'6,0.24604657477681804
227,1.0,[10.42442802548976 -23.54067711494963 677.501585640641 549.2700310599126],[360.96563720703125 326.89892578125 509.70953369140625 390.81512451171875],0.8904775977134705,UU8907'LG,0.17433469368250734
228,1.0,[11.043332397966651 -22.680992341519186 690.1421691537295 531.6336805339552],[372.90966796875 311.953857421875 523.7403564453125 374.7132568359375],0.8865909576416016,DA8907'6,0.8305876873188502
229,1.0,[11.577059710536673 -21.45444074762321 702.610580583908 515.9316281220717],[393.99664306640625 306.00799560546875 543.6029663085938 368.59356689453125],0.9054005146026611,DA8907'6,0.32893955444648126
230,1.0,[10.472860283907494 -19.10154835417211 709.9094599386433 504.8727444313563],[423.6623840332031 308.2362976074219 574.109130859375 370.8501892089844],0.9005577564239502,{DU2907*16,0.24453159102595334
231,1.0,[13.185480255753134 -18.30342757878637 715.9715241520078 492.3218212530701],[451.3882751464844 317.26287841796875 601.0113525390625 383.8370361328125],0.8945635557174683,{0U8907*UG,0.18361331348965101
232,1.0,[74.75413631126429 -6.563804059564347 743.5468529870375 506.70306930943474],[476.2886657714844 328.7435302734375 626.1505126953125 392.918701171875],0.885744035243988,UA8947'{,0.09603378966929822
